,first_name,last_name,email,State of Residence
1,Johnny,Welch,jwelch0@webs.com,New Hampshire
2,Richard,Hudson,rhudson1@independent.co.uk,California
3,Peter,Knight,pknight2@hao123.com,Pennsylvania
4,Wanda,Robertson,wrobertson3@columbia.edu,Washington
5,Donald,Burton,dburton4@myspace.com,Louisiana
6,Patricia,Fox,pfox5@cbsnews.com,Texas
7,Dorothy,Morales,dmorales6@ycombinator.com,Ohio
8,Emily,Montgomery,emontgomery7@php.net,Arizona
9,Mary,Watkins,mwatkins8@joomla.org,New Mexico
10,Joyce,Wallace,jwallace9@huffingtonpost.com,Alabama
11,Ralph,Harvey,rharveya@odnoklassniki.ru,Kansas
12,Larry,Hunt,lhuntb@oaic.gov.au,Missouri
13,Patrick,Jordan,pjordanc@delicious.com,California
14,Paul,Myers,pmyersd@xrea.com,Minnesota
15,Louis,Andrews,landrewse@phoca.cz,Georgia
16,Margaret,Rivera,mriveraf@nationalgeographic.com,California
17,Nicole,Duncan,nduncang@senate.gov,Virginia
18,Jennifer,Bell,jbellh@cornell.edu,California
19,Doris,Ortiz,dortizi@elegantthemes.com,Pennsylvania
20,Earl,Jenkins,ejenkinsj@mozilla.com,Alabama
21,Linda,Lynch,llynchk@shinystat.com,Texas
22,Matthew,Duncan,mduncanl@uol.com.br,West Virginia
23,Jeffrey,Fisher,jfisherm@twitter.com,North Carolina
24,Shirley,Wright,swrightn@statcounter.com,Iowa
25,Denise,Ellis,delliso@free.fr,California
26,Ruth,Ryan,rryanp@dell.com,District of Columbia
27,Jean,Miller,jmillerq@shop-pro.jp,Maryland
28,Scott,Ramirez,sramirezr@columbia.edu,Kansas
29,Jane,Day,jdays@dagondesign.com,Ohio
30,Jack,Bennett,jbennettt@virginia.edu,South Dakota
31,Christina,Porter,cporteru@sciencedaily.com,California
32,Lisa,Vasquez,lvasquezv@seattletimes.com,Georgia
33,Craig,Perkins,cperkinsw@economist.com,Indiana
34,Steven,Stevens,sstevensx@elegantthemes.com,California
35,Fred,Harrison,fharrisony@comcast.net,Michigan
36,Samuel,Duncan,sduncanz@list-manage.com,Kansas
37,Brenda,Adams,badams10@cocolog-nifty.com,Ohio
38,Bonnie,Pierce,bpierce11@businessweek.com,Texas
39,Walter,Shaw,wshaw12@yolasite.com,California
40,Michael,Schmidt,mschmidt13@go.com,Nevada
41,Carolyn,Patterson,cpatterson14@paginegialle.it,New York
42,Judith,Peters,jpeters15@wiley.com,Colorado
43,Alan,Hawkins,ahawkins16@pcworld.com,District of Columbia
44,Johnny,Miller,jmiller17@theguardian.com,California
45,Kathleen,Reyes,kreyes18@narod.ru,New Mexico
46,Andrew,Garrett,agarrett19@1und1.de,Texas
47,Nancy,Wood,nwood1a@boston.com,Colorado
48,Rebecca,Marshall,rmarshall1b@imageshack.us,Illinois
49,Beverly,Hansen,bhansen1c@addtoany.com,California
50,Marie,Dean,mdean1d@cornell.edu,District of Columbia
51,Roger,Kim,rkim1e@china.com.cn,Michigan
52,Clarence,Hansen,chansen1f@state.tx.us,South Carolina
53,Jose,Gray,jgray1g@quantcast.com,Ohio
54,Henry,Morales,hmorales1h@chron.com,California
55,Harold,Greene,hgreene1i@mlb.com,Alabama
56,Chris,Taylor,ctaylor1j@nps.gov,Massachusetts
57,Irene,Ward,iward1k@berkeley.edu,California
58,Annie,Cooper,acooper1l@ihg.com,Kentucky
59,Brian,Bryant,bbryant1m@google.nl,Mississippi
60,Adam,Wood,awood1n@craigslist.org,New Mexico
61,Judith,Wheeler,jwheeler1o@ftc.gov,Pennsylvania
62,Lori,Morrison,lmorrison1p@army.mil,Nebraska
63,Linda,Wheeler,lwheeler1q@toplist.cz,Texas
64,Jane,Jacobs,jjacobs1r@google.it,Missouri
65,Phillip,Gilbert,pgilbert1s@ftc.gov,Indiana
66,Craig,Hicks,chicks1t@slate.com,California
67,Mary,Kelly,mkelly1u@blog.com,Kentucky
68,Carol,Miller,cmiller1v@privacy.gov.au,South Carolina
69,Annie,Anderson,aanderson1w@nature.com,California
70,Norma,Hansen,nhansen1x@boston.com,Texas
71,Alan,Turner,aturner1y@arizona.edu,Missouri
72,Angela,Gardner,agardner1z@naver.com,Missouri
73,Keith,Adams,kadams20@usnews.com,California
74,Phillip,Fowler,pfowler21@ning.com,Florida
75,Sean,Edwards,sedwards22@earthlink.net,Florida
76,Carolyn,Robinson,crobinson23@usa.gov,Tennessee
77,Barbara,Rodriguez,brodriguez24@jigsy.com,New York
78,Rebecca,Gordon,rgordon25@github.com,Nebraska
79,Harold,Bennett,hbennett26@reuters.com,California
80,Carol,James,cjames27@spiegel.de,Ohio
81,Denise,Bradley,dbradley28@histats.com,Georgia
82,Carlos,Peterson,cpeterson29@jiathis.com,Tennessee
83,Frances,Smith,fsmith2a@ehow.com,New Jersey
84,Shirley,Sullivan,ssullivan2b@gmpg.org,California
85,Louise,Carpenter,lcarpenter2c@myspace.com,New York
86,Jason,Howard,jhoward2d@buzzfeed.com,Florida
87,Judy,Mcdonald,jmcdonald2e@amazon.co.jp,Virginia
88,Mark,Gonzalez,mgonzalez2f@earthlink.net,Washington
89,Paul,Lawson,plawson2g@fc2.com,Virginia
90,Amanda,Hudson,ahudson2h@squarespace.com,Texas
91,Stephanie,Fowler,sfowler2i@elpais.com,Kansas
92,Wayne,Martin,wmartin2j@eepurl.com,California
93,Pamela,Payne,ppayne2k@bluehost.com,Indiana
94,Joan,Ferguson,jferguson2l@webeden.co.uk,Florida
95,Jessica,Fisher,jfisher2m@washington.edu,Kansas
96,Shawn,Hawkins,shawkins2n@gizmodo.com,Mississippi
97,Melissa,Andrews,mandrews2o@trellian.com,Georgia
98,Alan,Williams,awilliams2p@tiny.cc,Pennsylvania
99,Robin,Reyes,rreyes2q@ovh.net,California
100,Lisa,Scott,lscott2r@xinhuanet.com,New York
101,Pamela,Foster,pfoster2s@mapquest.com,Kentucky
102,Jessica,Torres,jtorres2t@hibu.com,California
103,Dennis,Lewis,dlewis2u@plala.or.jp,District of Columbia
104,Wanda,Mason,wmason2v@gmpg.org,Texas
105,Terry,Mason,tmason2w@biblegateway.com,Arizona
106,Maria,Holmes,mholmes2x@yolasite.com,Pennsylvania
107,Scott,James,sjames2y@php.net,Montana
108,Bruce,Morrison,bmorrison2z@bluehost.com,District of Columbia
109,Nancy,Simmons,nsimmons30@jigsy.com,Illinois
110,Peter,Hudson,phudson31@nih.gov,California
111,Daniel,Mills,dmills32@discuz.net,District of Columbia
112,Steven,Robertson,srobertson33@vinaora.com,Louisiana
113,Alan,Kelly,akelly34@intel.com,Pennsylvania
114,Billy,Lane,blane35@cbslocal.com,New York
115,Emily,Burke,eburke36@fda.gov,Kansas
116,Elizabeth,Murray,emurray37@trellian.com,Idaho
117,Jacqueline,Berry,jberry38@time.com,Oklahoma
118,Carolyn,Little,clittle39@upenn.edu,Colorado
119,Patricia,Fowler,pfowler3a@ebay.co.uk,District of Columbia
120,Marilyn,Fox,mfox3b@dmoz.org,New York
121,Eric,Garcia,egarcia3c@ft.com,Minnesota
122,Maria,Thompson,mthompson3d@hc360.com,Rhode Island
123,Henry,Butler,hbutler3e@canalblog.com,Texas
124,Christina,Lawrence,clawrence3f@feedburner.com,Maryland
125,Douglas,Clark,dclark3g@theglobeandmail.com,Texas
126,Eugene,Wood,ewood3h@example.com,South Carolina
127,Henry,Smith,hsmith3i@archive.org,California
128,Judith,Schmidt,jschmidt3j@bloomberg.com,Texas
129,Katherine,Fisher,kfisher3k@1und1.de,New York
130,Lawrence,Butler,lbutler3l@tinypic.com,Texas
131,Elizabeth,Perkins,eperkins3m@facebook.com,District of Columbia
132,Tammy,Griffin,tgriffin3n@usgs.gov,Pennsylvania
133,Janice,Perez,jperez3o@tinypic.com,California
134,Joe,Harvey,jharvey3p@europa.eu,Michigan
135,Randy,Griffin,rgriffin3q@apache.org,Arizona
136,Ruby,Rogers,rrogers3r@ftc.gov,Florida
137,Helen,Lane,hlane3s@geocities.com,Ohio
138,Sandra,Rodriguez,srodriguez3t@newsvine.com,Texas
139,Albert,Ross,aross3u@addthis.com,Michigan
140,David,Andrews,dandrews3v@marriott.com,Texas
141,Gloria,Welch,gwelch3w@prnewswire.com,Arizona
142,Ronald,Gonzales,rgonzales3x@indiatimes.com,Florida
143,Keith,Holmes,kholmes3y@seesaa.net,Texas
144,Jose,Gardner,jgardner3z@earthlink.net,Texas
145,Douglas,Day,dday40@smh.com.au,Wisconsin
146,Diana,Russell,drussell41@tamu.edu,Maryland
147,Bonnie,Rice,brice42@sogou.com,Texas
148,Peter,Hunt,phunt43@foxnews.com,Florida
149,Martin,Phillips,mphillips44@globo.com,Michigan
150,Jacqueline,Elliott,jelliott45@aol.com,California
151,Scott,Richards,srichards46@angelfire.com,Nebraska
152,Aaron,Roberts,aroberts47@pcworld.com,North Carolina
153,Jennifer,Reynolds,jreynolds48@ca.gov,Missouri
154,Ruth,Morrison,rmorrison49@vimeo.com,Florida
155,Elizabeth,Wagner,ewagner4a@ameblo.jp,Ohio
156,Richard,Matthews,rmatthews4b@gnu.org,Iowa
157,Wayne,West,wwest4c@bravesites.com,Kansas
158,Donald,Duncan,dduncan4d@archive.org,California
159,Adam,Cook,acook4e@behance.net,Washington
160,Jose,Reynolds,jreynolds4f@ucoz.com,Indiana
161,Jesse,Vasquez,jvasquez4g@nationalgeographic.com,New York
162,Ashley,Reed,areed4h@gravatar.com,Florida
163,Emily,Fuller,efuller4i@ovh.net,North Carolina
164,Rose,Sanchez,rsanchez4j@1688.com,Indiana
165,Terry,Allen,tallen4k@bloomberg.com,Hawaii
166,Arthur,Cook,acook4l@alibaba.com,West Virginia
167,Debra,Kennedy,dkennedy4m@sakura.ne.jp,Pennsylvania
168,Daniel,Pierce,dpierce4n@merriam-webster.com,Texas
169,Ann,Kelley,akelley4o@toplist.cz,Illinois
170,Albert,Ferguson,aferguson4p@ebay.co.uk,Florida
171,Martha,Scott,mscott4q@marketwatch.com,New York
172,Jesse,Brown,jbrown4r@bizjournals.com,New York
173,Tammy,Johnston,tjohnston4s@buzzfeed.com,Florida
174,Susan,Long,slong4t@mac.com,California
175,Bonnie,Taylor,btaylor4u@va.gov,New York
176,Eugene,Long,elong4v@gravatar.com,Texas
177,Donald,Watson,dwatson4w@example.com,New York
178,Brandon,Miller,bmiller4x@mozilla.org,Texas
179,Bobby,Bennett,bbennett4y@google.cn,Arizona
180,Sharon,Alvarez,salvarez4z@smugmug.com,District of Columbia
181,Virginia,Medina,vmedina50@stumbleupon.com,Texas
182,Phillip,Cooper,pcooper51@yelp.com,Florida
183,Michelle,Montgomery,mmontgomery52@google.ca,Alaska
184,Gerald,Murray,gmurray53@timesonline.co.uk,Texas
185,Janice,Gordon,jgordon54@huffingtonpost.com,Utah
186,Lisa,Mendoza,lmendoza55@list-manage.com,Texas
187,Linda,Hunter,lhunter56@miitbeian.gov.cn,Maryland
188,Russell,James,rjames57@wsj.com,California
189,Kathleen,Mills,kmills58@hhs.gov,Washington
190,Phillip,Ray,pray59@china.com.cn,Florida
191,Roy,Bowman,rbowman5a@ca.gov,Florida
192,Stephen,Cole,scole5b@senate.gov,California
193,Betty,Gordon,bgordon5c@squarespace.com,Texas
194,Christina,Lee,clee5d@yahoo.co.jp,Virginia
195,Eric,Elliott,eelliott5e@wired.com,North Carolina
196,Bonnie,Flores,bflores5f@google.com.br,Oklahoma
197,Rose,Carter,rcarter5g@desdev.cn,Illinois
198,Kenneth,Hernandez,khernandez5h@godaddy.com,Kansas
199,Jessica,Robertson,jrobertson5i@dot.gov,California
200,Jacqueline,Gomez,jgomez5j@reddit.com,Virginia
201,Teresa,Snyder,tsnyder5k@g.co,California
202,Arthur,Hernandez,ahernandez5l@1688.com,Illinois
203,James,Freeman,jfreeman5m@chronoengine.com,Texas
204,Eugene,Williams,ewilliams5n@cargocollective.com,Arizona
205,Cheryl,Richards,crichards5o@cocolog-nifty.com,Maryland
206,Raymond,Cole,rcole5p@youtube.com,Maryland
207,Catherine,Jones,cjones5q@bbb.org,Florida
208,William,Moore,wmoore5r@dailymail.co.uk,Arizona
209,Jane,Jones,jjones5s@mayoclinic.com,New York
210,Rachel,Stephens,rstephens5t@macromedia.com,Texas
211,Juan,Lawson,jlawson5u@amazonaws.com,Florida
212,Annie,Webb,awebb5v@techcrunch.com,New York
213,Paul,Dunn,pdunn5w@slate.com,New York
214,Christopher,Jones,cjones5x@g.co,New Jersey
215,Margaret,Richards,mrichards5y@ask.com,Arkansas
216,Ryan,Montgomery,rmontgomery5z@ifeng.com,Iowa
217,Brian,Baker,bbaker60@free.fr,New York
218,Kathleen,Bradley,kbradley61@state.gov,Massachusetts
219,Philip,Dunn,pdunn62@opensource.org,New Hampshire
220,Catherine,Stanley,cstanley63@purevolume.com,Pennsylvania
221,Amanda,Schmidt,aschmidt64@istockphoto.com,Virginia
222,Victor,Henderson,vhenderson65@vistaprint.com,Tennessee
223,Paul,Arnold,parnold66@over-blog.com,Idaho
224,Robert,Perez,rperez67@google.co.jp,Alaska
225,Jane,Fisher,jfisher68@tamu.edu,Wisconsin
226,Diana,Brooks,dbrooks69@posterous.com,Ohio
227,Louise,Brooks,lbrooks6a@mysql.com,Connecticut
228,Anna,Mitchell,amitchell6b@tamu.edu,District of Columbia
229,Jonathan,Johnston,jjohnston6c@house.gov,California
230,Rebecca,Fuller,rfuller6d@canalblog.com,Florida
231,Todd,Hanson,thanson6e@disqus.com,Florida
232,Theresa,Cox,tcox6f@eepurl.com,Indiana
233,Scott,George,sgeorge6g@sitemeter.com,Wisconsin
234,Rachel,Weaver,rweaver6h@webs.com,Ohio
235,Janice,Matthews,jmatthews6i@ed.gov,North Carolina
236,Roy,Jackson,rjackson6j@washingtonpost.com,Indiana
237,Denise,Snyder,dsnyder6k@hubpages.com,Ohio
238,Lois,Peterson,lpeterson6l@oaic.gov.au,California
239,Bruce,Chavez,bchavez6m@sciencedaily.com,Georgia
240,Patrick,Peters,ppeters6n@ycombinator.com,District of Columbia
241,Irene,Gibson,igibson6o@google.com.hk,Washington
242,Bobby,Dixon,bdixon6p@prnewswire.com,Oregon
243,Judy,Gomez,jgomez6q@myspace.com,South Carolina
244,Nicholas,Moore,nmoore6r@omniture.com,Washington
245,Marie,Lawrence,mlawrence6s@hexun.com,Texas
246,Jeremy,Matthews,jmatthews6t@npr.org,New York
247,Sandra,Webb,swebb6u@indiatimes.com,California
248,Jack,Larson,jlarson6v@devhub.com,Virginia
249,Arthur,Crawford,acrawford6w@boston.com,California
250,Russell,Stone,rstone6x@google.co.jp,Colorado
251,Patricia,Jones,pjones6y@example.com,Minnesota
252,Harold,Medina,hmedina6z@ameblo.jp,Colorado
253,Irene,Rodriguez,irodriguez70@furl.net,Wisconsin
254,Steven,King,sking71@prlog.org,Massachusetts
255,Juan,Carroll,jcarroll72@google.ca,Massachusetts
256,Roy,Bell,rbell73@jiathis.com,Virginia
257,Michael,Hicks,mhicks74@studiopress.com,Georgia
258,Louis,Owens,lowens75@cpanel.net,Maryland
259,Scott,Hansen,shansen76@opera.com,California
260,Phillip,Jordan,pjordan77@auda.org.au,Delaware
261,Kathy,Perry,kperry78@joomla.org,Maryland
262,Donald,Meyer,dmeyer79@people.com.cn,Arkansas
263,Juan,Fowler,jfowler7a@pinterest.com,Virginia
264,Douglas,Martinez,dmartinez7b@google.ru,Tennessee
265,Chris,Young,cyoung7c@typepad.com,California
266,Lawrence,Young,lyoung7d@go.com,California
267,Cheryl,Lawrence,clawrence7e@addthis.com,California
268,Robert,White,rwhite7f@bluehost.com,Washington
269,Deborah,Stevens,dstevens7g@vistaprint.com,Washington
270,Joseph,Fowler,jfowler7h@dagondesign.com,Texas
271,Victor,White,vwhite7i@canalblog.com,Florida
272,Nicole,Mcdonald,nmcdonald7j@paypal.com,New York
273,Barbara,Sanchez,bsanchez7k@newsvine.com,Nevada
274,Lois,Morgan,lmorgan7l@free.fr,Colorado
275,Victor,Peters,vpeters7m@flavors.me,West Virginia
276,Jessica,Peterson,jpeterson7n@friendfeed.com,Washington
277,Louise,Kim,lkim7o@sakura.ne.jp,West Virginia
278,Donald,Daniels,ddaniels7p@hud.gov,California
279,Brenda,Olson,bolson7q@senate.gov,Minnesota
280,Heather,Bowman,hbowman7r@xrea.com,Illinois
281,Bobby,Shaw,bshaw7s@engadget.com,Connecticut
282,Barbara,Ross,bross7t@clickbank.net,Oklahoma
283,Keith,Kelley,kkelley7u@state.gov,Texas
284,Samuel,Hernandez,shernandez7v@buzzfeed.com,District of Columbia
285,Beverly,Andrews,bandrews7w@bloomberg.com,New York
286,Paula,Williamson,pwilliamson7x@typepad.com,District of Columbia
287,Stephanie,Hansen,shansen7y@tmall.com,California
288,Walter,Kim,wkim7z@moonfruit.com,California
289,Michelle,Cunningham,mcunningham80@redcross.org,New York
290,Wayne,Phillips,wphillips81@weibo.com,California
291,Aaron,Schmidt,aschmidt82@adobe.com,California
292,Jeremy,Hall,jhall83@chronoengine.com,District of Columbia
293,Bobby,Mendoza,bmendoza84@alibaba.com,Texas
294,Harry,Walker,hwalker85@berkeley.edu,District of Columbia
295,Jean,Lee,jlee86@yandex.ru,California
296,Carolyn,Evans,cevans87@blogger.com,North Carolina
297,Judith,Lawson,jlawson88@statcounter.com,Ohio
298,Ashley,Brown,abrown89@joomla.org,Texas
299,Gloria,Mendoza,gmendoza8a@vistaprint.com,Florida
300,George,Stevens,gstevens8b@reuters.com,Alabama
301,Wayne,Kim,wkim8c@creativecommons.org,California
302,Andrew,Cooper,acooper8d@economist.com,California
303,Adam,White,awhite8e@shinystat.com,Colorado
304,Steven,Berry,sberry8f@booking.com,West Virginia
305,Annie,Pierce,apierce8g@youtu.be,Texas
306,Lawrence,Stevens,lstevens8h@wikipedia.org,Florida
307,Philip,Hart,phart8i@comcast.net,Louisiana
308,Cheryl,Medina,cmedina8j@cyberchimps.com,Nevada
309,David,Andrews,dandrews8k@desdev.cn,Florida
310,Ashley,Mitchell,amitchell8l@sfgate.com,Texas
311,Juan,Jenkins,jjenkins8m@lycos.com,California
312,Katherine,Fowler,kfowler8n@opensource.org,Arizona
313,Dorothy,Martinez,dmartinez8o@blogger.com,Georgia
314,Ralph,Frazier,rfrazier8p@businessinsider.com,Virginia
315,Nancy,Meyer,nmeyer8q@loc.gov,Alabama
316,Pamela,Banks,pbanks8r@chron.com,Massachusetts
317,Matthew,Wagner,mwagner8s@slideshare.net,District of Columbia
318,Deborah,Hart,dhart8t@thetimes.co.uk,Texas
319,Nicole,Greene,ngreene8u@irs.gov,Florida
320,Teresa,Day,tday8v@umich.edu,Florida
321,Brenda,Ortiz,bortiz8w@amazonaws.com,Arkansas
322,Ronald,Ferguson,rferguson8x@123-reg.co.uk,Illinois
323,Jack,Mendoza,jmendoza8y@msn.com,District of Columbia
324,Joshua,Long,jlong8z@blogs.com,Florida
325,Tina,Howell,thowell90@paypal.com,California
326,Fred,Ryan,fryan91@creativecommons.org,New York
327,Walter,Rivera,wrivera92@nyu.edu,California
328,Earl,Lewis,elewis93@diigo.com,Arizona
329,Craig,Fisher,cfisher94@dot.gov,Washington
330,Lois,Henderson,lhenderson95@abc.net.au,Virginia
331,Billy,Taylor,btaylor96@ask.com,California
332,Robert,Stewart,rstewart97@skype.com,Texas
333,Lisa,Watkins,lwatkins98@blogspot.com,Texas
334,Martha,Burke,mburke99@delicious.com,New York
335,Heather,Gordon,hgordon9a@ftc.gov,Texas
336,Wayne,Wallace,wwallace9b@google.com.hk,Illinois
337,Anna,Turner,aturner9c@deliciousdays.com,Michigan
338,Gloria,Cox,gcox9d@opera.com,Ohio
339,Janice,Edwards,jedwards9e@yahoo.com,Texas
340,Terry,Andrews,tandrews9f@msu.edu,Massachusetts
341,Ruth,Gilbert,rgilbert9g@fc2.com,Florida
342,Douglas,Austin,daustin9h@latimes.com,California
343,Evelyn,Moore,emoore9i@drupal.org,California
344,Joshua,Owens,jowens9j@google.com,New York
345,Paula,Dunn,pdunn9k@tinypic.com,Arizona
346,Betty,Collins,bcollins9l@si.edu,District of Columbia
347,Denise,Sanchez,dsanchez9m@ucla.edu,Washington
348,Victor,Powell,vpowell9n@msu.edu,Texas
349,Christina,Wood,cwood9o@nba.com,New York
350,Teresa,Smith,tsmith9p@psu.edu,Texas
351,Ernest,Richardson,erichardson9q@xing.com,Oklahoma
352,Steven,Ryan,sryan9r@tinyurl.com,Massachusetts
353,Randy,Murray,rmurray9s@photobucket.com,Alabama
354,Joe,Morales,jmorales9t@narod.ru,Minnesota
355,Amy,Wagner,awagner9u@opera.com,Virginia
356,Steve,Hunt,shunt9v@paypal.com,Connecticut
357,Harry,Brooks,hbrooks9w@oakley.com,Georgia
358,Linda,Day,lday9x@nba.com,Texas
359,Kimberly,Bennett,kbennett9y@statcounter.com,Florida
360,Christopher,Lawrence,clawrence9z@ted.com,Ohio
361,Robin,Thompson,rthompsona0@taobao.com,Texas
362,Jennifer,Hart,jharta1@answers.com,Michigan
363,Laura,Nichols,lnicholsa2@ask.com,California
364,Paul,Bowman,pbowmana3@toplist.cz,New Jersey
365,Steven,Diaz,sdiaza4@ftc.gov,Georgia
366,Frank,Brooks,fbrooksa5@addtoany.com,North Carolina
367,Walter,Lynch,wlyncha6@bbc.co.uk,Louisiana
368,Ann,Gardner,agardnera7@wikipedia.org,Michigan
369,Helen,Long,hlonga8@fc2.com,Colorado
370,Juan,Wright,jwrighta9@ucla.edu,Oklahoma
371,Bruce,Powell,bpowellaa@si.edu,Michigan
372,Angela,Cunningham,acunninghamab@biglobe.ne.jp,Georgia
373,Shawn,Gardner,sgardnerac@examiner.com,Florida
374,Roy,Martin,rmartinad@soundcloud.com,New York
375,Fred,Lewis,flewisae@symantec.com,Texas
376,Charles,Mccoy,cmccoyaf@businessinsider.com,Missouri
377,Martha,Austin,maustinag@biblegateway.com,Texas
378,Sara,Morgan,smorganah@cornell.edu,District of Columbia
379,Betty,Scott,bscottai@eepurl.com,California
380,Thomas,Welch,twelchaj@linkedin.com,Michigan
381,Angela,Stone,astoneak@networksolutions.com,Ohio
382,Phyllis,Evans,pevansal@mail.ru,Virginia
383,Louis,Romero,lromeroam@tinypic.com,Colorado
384,Benjamin,Perez,bperezan@opensource.org,Illinois
385,Denise,Frazier,dfrazierao@skyrock.com,Georgia
386,Anna,Stewart,astewartap@privacy.gov.au,Arizona
387,Lawrence,Perez,lperezaq@lycos.com,Texas
388,Rachel,Rogers,rrogersar@phoca.cz,Texas
389,Julia,Stevens,jstevensas@symantec.com,New Jersey
390,Brian,Harrison,bharrisonat@wisc.edu,Iowa
391,Angela,Williamson,awilliamsonau@upenn.edu,New York
392,Albert,Rivera,ariveraav@economist.com,Massachusetts
393,Maria,Gray,mgrayaw@bandcamp.com,South Carolina
394,Martha,Sanchez,msanchezax@cyberchimps.com,Arizona
395,Victor,Rose,vroseay@youku.com,Arizona
396,Theresa,James,tjamesaz@diigo.com,Pennsylvania
397,Chris,Carpenter,ccarpenterb0@jigsy.com,Michigan
398,Sean,Williams,swilliamsb1@ebay.co.uk,Nebraska
399,Jason,Riley,jrileyb2@github.io,California
400,Carl,Ramos,cramosb3@dropbox.com,South Dakota
401,Maria,Vasquez,mvasquezb4@google.fr,Tennessee
402,Arthur,Davis,adavisb5@amazon.co.jp,Kentucky
403,Christine,Allen,callenb6@cisco.com,Ohio
404,Joe,Bell,jbellb7@unc.edu,Arizona
405,Louise,Burton,lburtonb8@163.com,Kansas
406,Christina,Cooper,ccooperb9@mail.ru,Pennsylvania
407,Joseph,Simpson,jsimpsonba@cnn.com,New York
408,Daniel,Webb,dwebbbb@digg.com,West Virginia
409,Richard,Dixon,rdixonbc@forbes.com,Louisiana
410,Lois,Brooks,lbrooksbd@4shared.com,Indiana
411,Susan,Knight,sknightbe@tinypic.com,Florida
412,Jean,George,jgeorgebf@eepurl.com,Kentucky
413,Emily,Lee,eleebg@51.la,Florida
414,Norma,Meyer,nmeyerbh@umn.edu,New Jersey
415,Brian,Taylor,btaylorbi@goo.gl,New York
416,Timothy,Diaz,tdiazbj@yahoo.com,District of Columbia
417,Martin,Kelley,mkelleybk@patch.com,Georgia
418,Deborah,Howell,dhowellbl@cam.ac.uk,Ohio
419,Dorothy,Simpson,dsimpsonbm@people.com.cn,Georgia
420,Doris,Burke,dburkebn@jugem.jp,Missouri
421,Shirley,Nguyen,snguyenbo@fc2.com,Texas
422,Lori,Hamilton,lhamiltonbp@twitpic.com,Ohio
423,Craig,Ross,crossbq@cyberchimps.com,Alabama
424,Doris,Ray,draybr@state.tx.us,New York
425,Paul,Evans,pevansbs@geocities.jp,Tennessee
426,Keith,Riley,krileybt@eepurl.com,Florida
427,Heather,Arnold,harnoldbu@dedecms.com,Texas
428,Jacqueline,Knight,jknightbv@istockphoto.com,Oregon
429,Alice,Morris,amorrisbw@weibo.com,Texas
430,Arthur,Harrison,aharrisonbx@homestead.com,Virginia
431,Nicholas,Austin,naustinby@eepurl.com,Texas
432,Benjamin,Kelly,bkellybz@ft.com,District of Columbia
433,George,Brooks,gbrooksc0@accuweather.com,California
434,Amy,Dunn,adunnc1@wufoo.com,Arkansas
435,Beverly,Gibson,bgibsonc2@ucla.edu,Minnesota
436,Henry,Peterson,hpetersonc3@sun.com,Florida
437,Sara,White,swhitec4@eventbrite.com,California
438,Eugene,Lopez,elopezc5@arizona.edu,California
439,Andrea,Shaw,ashawc6@dagondesign.com,District of Columbia
440,Christine,Adams,cadamsc7@wiley.com,California
441,Debra,Torres,dtorresc8@myspace.com,Texas
442,Carolyn,Henry,chenryc9@princeton.edu,Montana
443,Larry,Holmes,lholmesca@latimes.com,California
444,Judith,Holmes,jholmescb@ask.com,Ohio
445,Kevin,Gordon,kgordoncc@mtv.com,Pennsylvania
446,Douglas,Richardson,drichardsoncd@google.nl,Alabama
447,Wanda,Ray,wrayce@nydailynews.com,District of Columbia
448,Judith,Wheeler,jwheelercf@opera.com,Washington
449,Tammy,Robinson,trobinsoncg@tinypic.com,Kansas
450,Amy,Moreno,amorenoch@sohu.com,Kansas
451,Victor,Castillo,vcastilloci@skyrock.com,Nevada
452,Frank,Sanders,fsanderscj@sakura.ne.jp,Georgia
453,Rachel,Watkins,rwatkinsck@webeden.co.uk,North Dakota
454,Bruce,Arnold,barnoldcl@bing.com,Pennsylvania
455,Sean,Black,sblackcm@tripod.com,Illinois
456,Rose,Simmons,rsimmonscn@rambler.ru,Illinois
457,Marie,Burke,mburkeco@ibm.com,Colorado
458,Maria,Snyder,msnydercp@nba.com,West Virginia
459,Ronald,Ward,rwardcq@histats.com,California
460,Nicholas,Gibson,ngibsoncr@blogger.com,Texas
461,Walter,Ross,wrosscs@g.co,Missouri
462,Janice,Welch,jwelchct@friendfeed.com,Kentucky
463,Diana,Collins,dcollinscu@nba.com,Florida
464,Louis,Morales,lmoralescv@cdbaby.com,Michigan
465,Carolyn,Simmons,csimmonscw@bizjournals.com,Kansas
466,Deborah,Spencer,dspencercx@tinypic.com,Florida
467,Judith,Welch,jwelchcy@netvibes.com,California
468,Fred,Mendoza,fmendozacz@icq.com,Florida
469,Ruth,Mitchell,rmitchelld0@japanpost.jp,Oklahoma
470,Robert,Edwards,redwardsd1@creativecommons.org,Texas
471,Diane,Clark,dclarkd2@washingtonpost.com,Virginia
472,Steven,Wood,swoodd3@fc2.com,Connecticut
473,Daniel,Franklin,dfranklind4@cornell.edu,Montana
474,Maria,Armstrong,marmstrongd5@bing.com,Iowa
475,Carol,Shaw,cshawd6@yandex.ru,California
476,Patricia,Bell,pbelld7@com.com,Wisconsin
477,Ruby,Dunn,rdunnd8@theatlantic.com,Texas
478,Debra,Kim,dkimd9@google.es,Illinois
479,Brenda,Torres,btorresda@unblog.fr,Louisiana
480,Harry,Murphy,hmurphydb@cdbaby.com,Idaho
481,Janice,Perkins,jperkinsdc@privacy.gov.au,California
482,Mark,Bishop,mbishopdd@booking.com,Texas
483,Amy,Alvarez,aalvarezde@google.cn,North Carolina
484,Catherine,Rose,crosedf@mozilla.com,Oklahoma
485,Amy,Burton,aburtondg@guardian.co.uk,Maryland
486,Michelle,Riley,mrileydh@exblog.jp,Oklahoma
487,Jason,Schmidt,jschmidtdi@cbc.ca,Texas
488,Timothy,Tucker,ttuckerdj@goo.gl,Kentucky
489,Bobby,Williamson,bwilliamsondk@youtube.com,Kentucky
490,Rachel,Greene,rgreenedl@ox.ac.uk,Ohio
491,Daniel,Palmer,dpalmerdm@netlog.com,Indiana
492,Tina,Hughes,thughesdn@list-manage.com,Florida
493,Ronald,Brooks,rbrooksdo@biglobe.ne.jp,Florida
494,Sandra,Castillo,scastillodp@abc.net.au,Massachusetts
495,Doris,Hernandez,dhernandezdq@zdnet.com,California
496,Paul,Bowman,pbowmandr@boston.com,Texas
497,Jesse,Matthews,jmatthewsds@constantcontact.com,Ohio
498,Shirley,Martin,smartindt@cnbc.com,Washington
499,Timothy,Ramirez,tramirezdu@gravatar.com,Texas
500,Benjamin,Garza,bgarzadv@webnode.com,Texas
501,Alan,Reynolds,areynoldsdw@jigsy.com,Connecticut
502,Charles,Perry,cperrydx@tumblr.com,Massachusetts
503,Emily,Medina,emedinady@goo.ne.jp,Wisconsin
504,Ruby,Gray,rgraydz@zdnet.com,Virginia
505,Anna,Ferguson,afergusone0@free.fr,Missouri
506,Marilyn,Mcdonald,mmcdonalde1@blogspot.com,Illinois
507,Lori,Foster,lfostere2@upenn.edu,Tennessee
508,Jose,Gonzales,jgonzalese3@imgur.com,Washington
509,Melissa,Bryant,mbryante4@harvard.edu,Maryland
510,Benjamin,Nichols,bnicholse5@engadget.com,Florida
511,Rose,Robertson,rrobertsone6@cyberchimps.com,Florida
512,Benjamin,Evans,bevanse7@bing.com,Texas
513,Kenneth,Carroll,kcarrolle8@mtv.com,Minnesota
514,Carol,Gonzalez,cgonzaleze9@sphinn.com,Pennsylvania
515,Craig,Matthews,cmatthewsea@blinklist.com,District of Columbia
516,David,Gardner,dgardnereb@google.ru,Texas
517,Norma,Vasquez,nvasquezec@ebay.co.uk,Texas
518,Carlos,Sullivan,csullivaned@columbia.edu,Minnesota
519,Cynthia,Bishop,cbishopee@lycos.com,Indiana
520,Earl,Ortiz,eortizef@dailymail.co.uk,Texas
521,Kelly,Bell,kbelleg@state.tx.us,Minnesota
522,Amanda,Wheeler,awheelereh@wired.com,Nebraska
523,Steve,Moore,smooreei@rakuten.co.jp,Florida
524,Carol,Willis,cwillisej@nifty.com,Texas
525,Amanda,Bradley,abradleyek@fastcompany.com,California
526,Ruth,Alvarez,ralvarezel@odnoklassniki.ru,Maryland
527,Julie,Duncan,jduncanem@slideshare.net,Indiana
528,Frances,Henry,fhenryen@quantcast.com,Texas
529,Margaret,Moreno,mmorenoeo@guardian.co.uk,Missouri
530,Billy,George,bgeorgeep@bluehost.com,Michigan
531,Diana,Moore,dmooreeq@businessinsider.com,Oklahoma
532,Willie,Dixon,wdixoner@hhs.gov,Texas
533,Raymond,Day,rdayes@drupal.org,New Mexico
534,Angela,Brooks,abrookset@pagesperso-orange.fr,California
535,Kevin,Bennett,kbennetteu@europa.eu,Pennsylvania
536,Joshua,Lawrence,jlawrenceev@tiny.cc,Texas
537,Jerry,Simpson,jsimpsonew@cafepress.com,Georgia
538,Carl,Arnold,carnoldex@linkedin.com,Florida
539,Jose,Roberts,jrobertsey@123-reg.co.uk,Illinois
540,Philip,Riley,prileyez@google.com,District of Columbia
541,Jesse,Perkins,jperkinsf0@tinypic.com,Minnesota
542,Eric,Chapman,echapmanf1@ning.com,Texas
543,Ruth,Flores,rfloresf2@bizjournals.com,Texas
544,Virginia,Alvarez,valvarezf3@free.fr,Missouri
545,Brenda,Dean,bdeanf4@wunderground.com,Tennessee
546,Victor,West,vwestf5@symantec.com,Illinois
547,Norma,Warren,nwarrenf6@ebay.com,Texas
548,Rebecca,Green,rgreenf7@angelfire.com,Texas
549,Bonnie,Carpenter,bcarpenterf8@angelfire.com,Louisiana
550,William,Howell,whowellf9@aol.com,Alabama
551,Dorothy,Bowman,dbowmanfa@apple.com,Florida
552,Laura,Sanchez,lsanchezfb@oracle.com,Texas
553,Denise,Holmes,dholmesfc@cam.ac.uk,Florida
554,Julie,Hill,jhillfd@google.fr,North Carolina
555,Martin,Kelly,mkellyfe@vimeo.com,Florida
556,Kathy,Wood,kwoodff@si.edu,Colorado
557,Lois,Myers,lmyersfg@bluehost.com,West Virginia
558,Virginia,Fox,vfoxfh@spotify.com,New York
559,Marie,White,mwhitefi@nationalgeographic.com,California
560,Bobby,Reed,breedfj@un.org,Illinois
561,Amanda,Marshall,amarshallfk@nationalgeographic.com,Wisconsin
562,Gloria,Morgan,gmorganfl@godaddy.com,Tennessee
563,Harold,Schmidt,hschmidtfm@alibaba.com,California
564,Todd,Mcdonald,tmcdonaldfn@aol.com,Illinois
565,Anne,Thomas,athomasfo@bloomberg.com,Oklahoma
566,Denise,Morrison,dmorrisonfp@mit.edu,Alabama
567,Christina,Shaw,cshawfq@desdev.cn,Mississippi
568,Nicole,Chavez,nchavezfr@chronoengine.com,California
569,Philip,Anderson,pandersonfs@clickbank.net,Oregon
570,Patricia,Fowler,pfowlerft@ocn.ne.jp,New York
571,Steven,Lawson,slawsonfu@opensource.org,District of Columbia
572,Nicole,Greene,ngreenefv@typepad.com,Alabama
573,Jose,Nguyen,jnguyenfw@usda.gov,Texas
574,Maria,Mccoy,mmccoyfx@noaa.gov,Virginia
575,Harry,Arnold,harnoldfy@amazon.co.uk,Florida
576,Kenneth,Castillo,kcastillofz@surveymonkey.com,Washington
577,Keith,Watkins,kwatkinsg0@hhs.gov,Arizona
578,Paul,Armstrong,parmstrongg1@etsy.com,New York
579,Jesse,Garcia,jgarciag2@businesswire.com,Texas
580,Victor,Lawrence,vlawrenceg3@rambler.ru,Nevada
581,Mildred,Perkins,mperkinsg4@china.com.cn,Texas
582,Norma,Morrison,nmorrisong5@dmoz.org,Florida
583,Fred,Sanchez,fsanchezg6@joomla.org,New York
584,Anne,Hanson,ahansong7@hc360.com,Florida
585,Gary,Roberts,grobertsg8@drupal.org,New York
586,Kathleen,Reynolds,kreynoldsg9@ebay.co.uk,Nebraska
587,Michelle,Dunn,mdunnga@dailymotion.com,Idaho
588,Scott,Fox,sfoxgb@ibm.com,New York
589,Brandon,Ellis,bellisgc@multiply.com,Minnesota
590,Albert,Lane,alanegd@photobucket.com,New York
591,Douglas,Simpson,dsimpsonge@dailymail.co.uk,New York
592,Joan,Garrett,jgarrettgf@list-manage.com,Texas
593,Todd,Dean,tdeangg@chicagotribune.com,Florida
594,Patrick,Rose,prosegh@homestead.com,New York
595,Phyllis,Chavez,pchavezgi@studiopress.com,Alabama
596,Patricia,Brooks,pbrooksgj@tiny.cc,Oregon
597,Deborah,Harvey,dharveygk@prlog.org,California
598,Alan,Scott,ascottgl@friendfeed.com,Colorado
599,Barbara,Graham,bgrahamgm@mail.ru,Texas
600,Mildred,Oliver,molivergn@marriott.com,California
601,Daniel,Lane,dlanego@weibo.com,Pennsylvania
602,Peter,Frazier,pfraziergp@wordpress.com,Ohio
603,Aaron,Weaver,aweavergq@zdnet.com,Nevada
604,Michael,Taylor,mtaylorgr@mediafire.com,Minnesota
605,Roy,Taylor,rtaylorgs@com.com,Idaho
606,Antonio,Pierce,apiercegt@bloglines.com,New York
607,Paula,Robertson,probertsongu@unc.edu,Arizona
608,Patricia,Baker,pbakergv@cbsnews.com,Florida
609,Robin,Wallace,rwallacegw@fastcompany.com,Florida
610,Walter,Warren,wwarrengx@vk.com,Connecticut
611,Norma,Lane,nlanegy@amazon.com,Virginia
612,Ryan,Fowler,rfowlergz@latimes.com,New York
613,Paul,Brooks,pbrooksh0@t-online.de,South Carolina
614,Joseph,Wheeler,jwheelerh1@1und1.de,California
615,Bonnie,Thompson,bthompsonh2@cnn.com,California
616,Billy,Montgomery,bmontgomeryh3@techcrunch.com,Oklahoma
617,Walter,Jackson,wjacksonh4@a8.net,Ohio
618,Melissa,Bryant,mbryanth5@oracle.com,Virginia
619,Patrick,Fernandez,pfernandezh6@sitemeter.com,Virginia
620,Antonio,Lynch,alynchh7@japanpost.jp,Louisiana
621,Kimberly,Cooper,kcooperh8@indiatimes.com,Mississippi
622,Cynthia,Holmes,cholmesh9@com.com,Missouri
623,Samuel,Murray,smurrayha@bluehost.com,New York
624,Annie,Clark,aclarkhb@seattletimes.com,Connecticut
625,Carol,Ortiz,cortizhc@netvibes.com,Florida
626,Rachel,Berry,rberryhd@boston.com,Pennsylvania
627,Edward,Boyd,eboydhe@auda.org.au,North Carolina
628,Gerald,Gardner,ggardnerhf@simplemachines.org,Maryland
629,Cheryl,Fisher,cfisherhg@furl.net,New Jersey
630,Philip,Frazier,pfrazierhh@mysql.com,Texas
631,Daniel,Taylor,dtaylorhi@gravatar.com,South Carolina
632,Robert,Gomez,rgomezhj@adobe.com,Florida
633,Bruce,Hall,bhallhk@yahoo.com,Texas
634,Fred,Marshall,fmarshallhl@posterous.com,North Carolina
635,Bruce,Hart,bharthm@bandcamp.com,Texas
636,Harry,Sanders,hsandershn@php.net,Texas
637,James,Pierce,jpierceho@jimdo.com,Illinois
638,Melissa,Morris,mmorrishp@weibo.com,District of Columbia
639,Harold,Bell,hbellhq@diigo.com,Michigan
640,Carolyn,Pierce,cpiercehr@weibo.com,California
641,Justin,Walker,jwalkerhs@indiegogo.com,New York
642,Brenda,Reid,breidht@etsy.com,Minnesota
643,Walter,Hudson,whudsonhu@facebook.com,Iowa
644,Donald,Stanley,dstanleyhv@soundcloud.com,Michigan
645,Cheryl,Gonzalez,cgonzalezhw@smh.com.au,Florida
646,Howard,Nguyen,hnguyenhx@tripod.com,Minnesota
647,Julie,Welch,jwelchhy@mtv.com,District of Columbia
648,Louise,Webb,lwebbhz@nydailynews.com,Florida
649,Susan,Palmer,spalmeri0@cbc.ca,Washington
650,Dorothy,Clark,dclarki1@dmoz.org,Florida
651,Patrick,Tucker,ptuckeri2@blogs.com,Nebraska
652,Virginia,Perez,vperezi3@sciencedaily.com,Louisiana
653,Donald,Harvey,dharveyi4@ask.com,Maryland
654,Betty,Schmidt,bschmidti5@businesswire.com,Kentucky
655,Fred,Warren,fwarreni6@nasa.gov,New York
656,Dorothy,Sullivan,dsullivani7@cyberchimps.com,New Jersey
657,Evelyn,Burns,eburnsi8@aol.com,North Carolina
658,Gary,Frazier,gfrazieri9@sitemeter.com,North Carolina
659,Eric,Barnes,ebarnesia@fc2.com,California
660,Marie,Ferguson,mfergusonib@seattletimes.com,New York
661,Jimmy,Sims,jsimsic@dedecms.com,New York
662,Brandon,Gardner,bgardnerid@microsoft.com,Virginia
663,Bruce,Hernandez,bhernandezie@yale.edu,Virginia
664,Eugene,Mcdonald,emcdonaldif@elpais.com,Iowa
665,Kevin,Mcdonald,kmcdonaldig@ameblo.jp,North Dakota
666,Teresa,Murphy,tmurphyih@blinklist.com,California
667,George,Frazier,gfrazierii@nyu.edu,Indiana
668,Arthur,Cunningham,acunninghamij@huffingtonpost.com,Florida
669,Deborah,Pierce,dpierceik@rakuten.co.jp,Pennsylvania
670,Annie,Washington,awashingtonil@liveinternet.ru,District of Columbia
671,Bobby,Oliver,boliverim@abc.net.au,Pennsylvania
672,Shawn,Warren,swarrenin@purevolume.com,California
673,Philip,Berry,pberryio@hostgator.com,California
674,Kimberly,Powell,kpowellip@google.es,Texas
675,Louis,Gordon,lgordoniq@wiley.com,South Carolina
676,Laura,Olson,lolsonir@jimdo.com,Virginia
677,Adam,Ramirez,aramirezis@cisco.com,Georgia
678,William,Frazier,wfrazierit@furl.net,District of Columbia
679,Mary,Moreno,mmorenoiu@springer.com,Virginia
680,Linda,Griffin,lgriffiniv@shinystat.com,Tennessee
681,Arthur,Watson,awatsoniw@youku.com,Alabama
682,Emily,George,egeorgeix@aol.com,Oklahoma
683,Benjamin,Larson,blarsoniy@about.me,Ohio
684,Todd,Olson,tolsoniz@weebly.com,Florida
685,Janet,Lane,jlanej0@istockphoto.com,Minnesota
686,Pamela,Schmidt,pschmidtj1@github.com,Pennsylvania
687,Dorothy,Mason,dmasonj2@biglobe.ne.jp,Ohio
688,Kathy,White,kwhitej3@soundcloud.com,California
689,Evelyn,Mccoy,emccoyj4@admin.ch,Oklahoma
690,Samuel,Reynolds,sreynoldsj5@cafepress.com,Michigan
691,Amanda,King,akingj6@canalblog.com,Virginia
692,Cheryl,Graham,cgrahamj7@army.mil,Connecticut
693,William,Bailey,wbaileyj8@homestead.com,Tennessee
694,Lois,Ward,lwardj9@prweb.com,Illinois
695,Daniel,Williamson,dwilliamsonja@simplemachines.org,Texas
696,Deborah,Sullivan,dsullivanjb@posterous.com,Colorado
697,Billy,Dixon,bdixonjc@narod.ru,Hawaii
698,Tammy,Carroll,tcarrolljd@cargocollective.com,Texas
699,Amy,Wagner,awagnerje@taobao.com,Connecticut
700,Ernest,Kennedy,ekennedyjf@wikispaces.com,California
701,Adam,Collins,acollinsjg@csmonitor.com,South Carolina
702,Marie,Garrett,mgarrettjh@google.co.jp,California
703,Andrew,Hicks,ahicksji@earthlink.net,Alabama
704,Carl,Diaz,cdiazjj@delicious.com,New York
705,Lisa,Cunningham,lcunninghamjk@odnoklassniki.ru,Iowa
706,Diana,Gardner,dgardnerjl@free.fr,Ohio
707,Deborah,Griffin,dgriffinjm@oakley.com,Washington
708,Jose,Bailey,jbaileyjn@reuters.com,Wisconsin
709,Lori,Thompson,lthompsonjo@creativecommons.org,California
710,Joe,Little,jlittlejp@odnoklassniki.ru,Florida
711,Andrew,Morgan,amorganjq@spotify.com,Texas
712,Susan,Bailey,sbaileyjr@nyu.edu,West Virginia
713,Willie,Diaz,wdiazjs@a8.net,Washington
714,Randy,Kim,rkimjt@huffingtonpost.com,California
715,Aaron,Alexander,aalexanderju@loc.gov,Texas
716,Carolyn,Hall,challjv@abc.net.au,Washington
717,Matthew,Ruiz,mruizjw@soup.io,Nevada
718,Judith,Ross,jrossjx@sciencedirect.com,Indiana
719,Pamela,Henderson,phendersonjy@dmoz.org,Florida
720,Cynthia,Moore,cmoorejz@msu.edu,Michigan
721,Clarence,Morris,cmorrisk0@mail.ru,Nebraska
722,Janet,Holmes,jholmesk1@google.pl,New York
723,Melissa,Howard,mhowardk2@qq.com,Texas
724,Mildred,Morrison,mmorrisonk3@webnode.com,Georgia
725,David,Carroll,dcarrollk4@newsvine.com,Ohio
726,Jane,Fisher,jfisherk5@123-reg.co.uk,California
727,Joyce,Hamilton,jhamiltonk6@jiathis.com,Illinois
728,Carlos,Kelley,ckelleyk7@washington.edu,Wisconsin
729,Jesse,Montgomery,jmontgomeryk8@bluehost.com,California
730,Christina,Fowler,cfowlerk9@ning.com,Texas
731,Juan,Taylor,jtaylorka@ed.gov,Washington
732,Karen,Henry,khenrykb@foxnews.com,Colorado
733,Richard,Hill,rhillkc@technorati.com,Florida
734,Theresa,Gibson,tgibsonkd@w3.org,Illinois
735,Anthony,Spencer,aspencerke@umich.edu,New York
736,Phillip,Flores,pfloreskf@creativecommons.org,Texas
737,Russell,Moore,rmoorekg@mlb.com,Ohio
738,Alan,Chapman,achapmankh@wisc.edu,Georgia
739,Terry,Bell,tbellki@meetup.com,Florida
740,Jean,Hamilton,jhamiltonkj@blinklist.com,Illinois
741,James,Chavez,jchavezkk@blogger.com,Oregon
742,Larry,Mendoza,lmendozakl@weather.com,Ohio
743,Eric,Mason,emasonkm@live.com,Ohio
744,Wayne,Parker,wparkerkn@a8.net,California
745,Christine,Davis,cdavisko@scribd.com,Colorado
746,Mildred,Rodriguez,mrodriguezkp@flickr.com,Louisiana
747,Joyce,Little,jlittlekq@amazon.co.uk,Florida
748,Anne,Boyd,aboydkr@123-reg.co.uk,Michigan
749,Jane,Lewis,jlewisks@webmd.com,Missouri
750,Arthur,Graham,agrahamkt@google.fr,New York
751,Melissa,Gray,mgrayku@mediafire.com,New York
752,Jeremy,Cox,jcoxkv@moonfruit.com,Tennessee
753,Judith,Stevens,jstevenskw@symantec.com,California
754,Jacqueline,Wilson,jwilsonkx@reddit.com,California
755,Douglas,Hanson,dhansonky@mysql.com,Arizona
756,Judith,Olson,jolsonkz@redcross.org,Pennsylvania
757,Rebecca,Daniels,rdanielsl0@usnews.com,Arizona
758,Bobby,Rogers,brogersl1@businessweek.com,Louisiana
759,Beverly,Burton,bburtonl2@jigsy.com,North Carolina
760,Philip,Lee,pleel3@opensource.org,Wisconsin
761,Timothy,Rodriguez,trodriguezl4@mayoclinic.com,California
762,Bobby,Scott,bscottl5@china.com.cn,Wisconsin
763,Heather,Murphy,hmurphyl6@columbia.edu,Arizona
764,Debra,Sanchez,dsanchezl7@ehow.com,Washington
765,Brian,Schmidt,bschmidtl8@ifeng.com,Florida
766,Lawrence,Armstrong,larmstrongl9@illinois.edu,Kentucky
767,Janet,Bell,jbellla@forbes.com,Florida
768,Amanda,Payne,apaynelb@springer.com,Alabama
769,George,Campbell,gcampbelllc@cornell.edu,Connecticut
770,Shawn,Bailey,sbaileyld@baidu.com,Washington
771,Martha,Rose,mrosele@goo.gl,Utah
772,Rebecca,Morris,rmorrislf@wp.com,Pennsylvania
773,Russell,Garza,rgarzalg@abc.net.au,New York
774,Mary,Evans,mevanslh@home.pl,Florida
775,Brenda,Sims,bsimsli@ustream.tv,New York
776,Ronald,Mills,rmillslj@cmu.edu,California
777,Sandra,Price,spricelk@tripod.com,Arkansas
778,Denise,Robinson,drobinsonll@list-manage.com,California
779,Joshua,Alexander,jalexanderlm@goodreads.com,Colorado
780,Shawn,Morrison,smorrisonln@oracle.com,Rhode Island
781,Jason,Price,jpricelo@mapy.cz,Florida
782,Gary,Gray,ggraylp@foxnews.com,South Carolina
783,Elizabeth,Ryan,eryanlq@princeton.edu,Indiana
784,Amy,Franklin,afranklinlr@skyrock.com,New York
785,Nicole,Tucker,ntuckerls@blogspot.com,California
786,Harold,Allen,hallenlt@gnu.org,Ohio
787,Jeffrey,Lawson,jlawsonlu@ca.gov,Maryland
788,Margaret,Diaz,mdiazlv@squarespace.com,Texas
789,Jeremy,Rodriguez,jrodriguezlw@icio.us,California
790,Marilyn,Greene,mgreenelx@pcworld.com,New York
791,Mary,Wright,mwrightly@whitehouse.gov,Texas
792,Andrew,Allen,aallenlz@house.gov,Florida
793,Joe,Williams,jwilliamsm0@angelfire.com,Tennessee
794,Andrew,Gomez,agomezm1@archive.org,Mississippi
795,Joe,Grant,jgrantm2@nymag.com,Texas
796,Rebecca,Dunn,rdunnm3@devhub.com,Florida
797,Henry,Bradley,hbradleym4@mtv.com,Kentucky
798,Angela,Frazier,afrazierm5@de.vu,New York
799,Donna,Allen,dallenm6@wix.com,Ohio
800,Robert,Foster,rfosterm7@wired.com,Oklahoma
801,Julia,Henry,jhenrym8@godaddy.com,Kentucky
802,Evelyn,Black,eblackm9@dyndns.org,New York
803,Diane,Wright,dwrightma@buzzfeed.com,Texas
804,Denise,Watkins,dwatkinsmb@msn.com,Washington
805,Jack,Perez,jperezmc@disqus.com,Texas
806,Andrea,Olson,aolsonmd@seattletimes.com,California
807,Judy,Hunter,jhunterme@naver.com,Florida
808,Donna,Day,ddaymf@1und1.de,Ohio
809,Mary,Wagner,mwagnermg@sohu.com,North Carolina
810,Andrea,Morgan,amorganmh@forbes.com,District of Columbia
811,Mark,Ruiz,mruizmi@google.com,Ohio
812,Elizabeth,Daniels,edanielsmj@last.fm,Florida
813,Jose,Porter,jportermk@bloomberg.com,Mississippi
814,Edward,Hall,ehallml@nsw.gov.au,Minnesota
815,Dorothy,Ward,dwardmm@stanford.edu,Colorado
816,Justin,Watkins,jwatkinsmn@shutterfly.com,Texas
817,George,Adams,gadamsmo@tinypic.com,Missouri
818,Betty,Mccoy,bmccoymp@delicious.com,Illinois
819,William,Castillo,wcastillomq@clickbank.net,Pennsylvania
820,Lisa,Perkins,lperkinsmr@nsw.gov.au,Michigan
821,Julia,Perez,jperezms@google.nl,Ohio
822,Victor,Hill,vhillmt@phpbb.com,Florida
823,Angela,Adams,aadamsmu@jalbum.net,Washington
824,Victor,Little,vlittlemv@instagram.com,West Virginia
825,Stephanie,Bell,sbellmw@shinystat.com,California
826,Julia,Webb,jwebbmx@netvibes.com,Tennessee
827,John,Grant,jgrantmy@thetimes.co.uk,Colorado
828,Alan,Hughes,ahughesmz@blogspot.com,California
829,Harold,Crawford,hcrawfordn0@dell.com,New York
830,Russell,Jones,rjonesn1@nifty.com,Texas
831,Ernest,Harper,eharpern2@discuz.net,California
832,Joseph,Andrews,jandrewsn3@ning.com,New Mexico
833,Joe,Ferguson,jfergusonn4@is.gd,Pennsylvania
834,Evelyn,Washington,ewashingtonn5@kickstarter.com,Georgia
835,James,Hanson,jhansonn6@cpanel.net,Florida
836,Earl,Ramirez,eramirezn7@people.com.cn,Minnesota
837,Jerry,Foster,jfostern8@baidu.com,Michigan
838,Judith,Armstrong,jarmstrongn9@163.com,Michigan
839,Rebecca,Sullivan,rsullivanna@last.fm,Nebraska
840,Denise,Ortiz,dortiznb@samsung.com,Washington
841,Antonio,Scott,ascottnc@goodreads.com,Arizona
842,Ronald,Hicks,rhicksnd@themeforest.net,Texas
843,Willie,Garcia,wgarciane@dropbox.com,Illinois
844,Gloria,Lewis,glewisnf@msu.edu,Colorado
845,Tammy,Arnold,tarnoldng@nyu.edu,Texas
846,Adam,Marshall,amarshallnh@ycombinator.com,Pennsylvania
847,Howard,Gibson,hgibsonni@uol.com.br,New York
848,Brenda,Larson,blarsonnj@chron.com,Illinois
849,Victor,Perez,vpereznk@marriott.com,Virginia
850,Doris,Matthews,dmatthewsnl@businesswire.com,Colorado
851,Timothy,Fernandez,tfernandeznm@indiatimes.com,Colorado
852,Nicholas,Romero,nromeronn@microsoft.com,Ohio
853,Gerald,Daniels,gdanielsno@europa.eu,Georgia
854,Carl,Larson,clarsonnp@redcross.org,Ohio
855,Arthur,Adams,aadamsnq@eepurl.com,California
856,William,Brooks,wbrooksnr@hexun.com,Minnesota
857,Tina,Wallace,twallacens@myspace.com,New Jersey
858,Jessica,Castillo,jcastillont@facebook.com,Texas
859,Rose,Hunt,rhuntnu@globo.com,Kansas
860,Rose,Gonzalez,rgonzaleznv@opensource.org,Idaho
861,Thomas,Rogers,trogersnw@webeden.co.uk,Louisiana
862,Andrea,Greene,agreenenx@marriott.com,Colorado
863,Harold,Morales,hmoralesny@wisc.edu,New York
864,Phillip,Harris,pharrisnz@guardian.co.uk,West Virginia
865,Joshua,Stevens,jstevenso0@is.gd,Kansas
866,Kimberly,Little,klittleo1@360.cn,Arkansas
867,Clarence,Sanchez,csanchezo2@bbc.co.uk,Virginia
868,Joshua,Castillo,jcastilloo3@cyberchimps.com,New Jersey
869,Janet,Wagner,jwagnero4@constantcontact.com,Indiana
870,Emily,Willis,ewilliso5@state.tx.us,New York
871,Mildred,Willis,mwilliso6@mashable.com,Washington
872,Kenneth,Kelly,kkellyo7@harvard.edu,Texas
873,Carol,Garcia,cgarciao8@google.com.br,Louisiana
874,Benjamin,Hansen,bhanseno9@patch.com,California
875,Kevin,Frazier,kfrazieroa@histats.com,Washington
876,Dennis,Ramos,dramosob@imageshack.us,Nebraska
877,Karen,Tucker,ktuckeroc@imdb.com,California
878,Jose,Gardner,jgardnerod@geocities.jp,Colorado
879,Terry,Montgomery,tmontgomeryoe@illinois.edu,Wisconsin
880,Deborah,Hunter,dhunterof@patch.com,Louisiana
881,Dorothy,Thomas,dthomasog@toplist.cz,Kansas
882,Rebecca,Edwards,redwardsoh@examiner.com,California
883,Harold,Cooper,hcooperoi@unicef.org,Connecticut
884,Lillian,Ramirez,lramirezoj@ed.gov,Minnesota
885,Charles,White,cwhiteok@shutterfly.com,Arizona
886,Denise,Adams,dadamsol@wikia.com,Florida
887,Roy,Nguyen,rnguyenom@booking.com,Arkansas
888,Andrea,Robertson,arobertsonon@google.com,Ohio
889,Billy,Tucker,btuckeroo@businessinsider.com,District of Columbia
890,Jimmy,Thomas,jthomasop@smugmug.com,Washington
891,Ruth,Bell,rbelloq@hp.com,Colorado
892,Timothy,Ross,trossor@epa.gov,Louisiana
893,Elizabeth,Stewart,estewartos@51.la,Pennsylvania
894,Joan,Perkins,jperkinsot@sitemeter.com,Virginia
895,Diana,Bradley,dbradleyou@scribd.com,Ohio
896,Juan,Hudson,jhudsonov@wordpress.org,Florida
897,James,Burns,jburnsow@furl.net,Hawaii
898,Bonnie,Gardner,bgardnerox@webs.com,Texas
899,Thomas,Hunt,thuntoy@weebly.com,Alabama
900,Gary,Richardson,grichardsonoz@eepurl.com,Iowa
901,Louise,Rogers,lrogersp0@unesco.org,Arizona
902,Deborah,Howard,dhowardp1@cocolog-nifty.com,District of Columbia
903,Wanda,Peterson,wpetersonp2@technorati.com,Oregon
904,Cynthia,Little,clittlep3@reference.com,Florida
905,Thomas,Hansen,thansenp4@spiegel.de,California
906,Clarence,Watson,cwatsonp5@facebook.com,District of Columbia
907,Mark,Moore,mmoorep6@youku.com,Georgia
908,Bonnie,Reynolds,breynoldsp7@booking.com,Nevada
909,Lisa,Gray,lgrayp8@usgs.gov,Delaware
910,Beverly,Young,byoungp9@parallels.com,Ohio
911,James,Lee,jleepa@google.com.br,Colorado
912,Michelle,Kelly,mkellypb@army.mil,Indiana
913,Timothy,Greene,tgreenepc@cisco.com,Virginia
914,Rebecca,Howell,rhowellpd@nyu.edu,California
915,Peter,Washington,pwashingtonpe@sitemeter.com,North Carolina
916,Jean,King,jkingpf@jalbum.net,Utah
917,Jeffrey,Rivera,jriverapg@eepurl.com,California
918,Catherine,Price,cpriceph@businessinsider.com,Florida
919,Robert,Morrison,rmorrisonpi@stanford.edu,Washington
920,Brenda,Lawrence,blawrencepj@ehow.com,Iowa
921,Norma,Bradley,nbradleypk@ovh.net,Maryland
922,Ralph,Burke,rburkepl@live.com,Maryland
923,Helen,Castillo,hcastillopm@deviantart.com,New Jersey
924,Jimmy,Robinson,jrobinsonpn@bbb.org,Oregon
925,Samuel,Torres,storrespo@npr.org,Florida
926,Gerald,Banks,gbankspp@dailymail.co.uk,California
927,Sara,Howell,showellpq@wufoo.com,Kentucky
928,William,Lewis,wlewispr@ebay.com,Texas
929,Gerald,Jones,gjonesps@1688.com,Florida
930,Charles,Olson,colsonpt@weebly.com,Washington
931,Gary,Henderson,ghendersonpu@tripadvisor.com,Nevada
932,Brenda,George,bgeorgepv@wordpress.org,North Dakota
933,Philip,Lane,planepw@slideshare.net,North Carolina
934,Theresa,Ward,twardpx@quantcast.com,Oklahoma
935,Ann,Montgomery,amontgomerypy@lulu.com,District of Columbia
936,Carl,Warren,cwarrenpz@sogou.com,California
937,Julie,Campbell,jcampbellq0@washingtonpost.com,Idaho
938,Patrick,Bennett,pbennettq1@state.gov,Massachusetts
939,Thomas,Rose,troseq2@cbc.ca,Pennsylvania
940,Stephen,Coleman,scolemanq3@cafepress.com,Minnesota
941,Michelle,Oliver,moliverq4@stumbleupon.com,Virginia
942,Jerry,Johnston,jjohnstonq5@edublogs.org,Alaska
943,Ashley,Cooper,acooperq6@linkedin.com,California
944,Martin,Cole,mcoleq7@yelp.com,Texas
945,Sean,Gonzales,sgonzalesq8@odnoklassniki.ru,North Carolina
946,Gregory,Garcia,ggarciaq9@bigcartel.com,Nevada
947,Katherine,Gonzalez,kgonzalezqa@virginia.edu,California
948,Steve,Green,sgreenqb@vimeo.com,Arizona
949,Ryan,Boyd,rboydqc@usnews.com,Texas
950,Eugene,Perkins,eperkinsqd@blogs.com,Texas
951,Carlos,Payne,cpayneqe@ft.com,Texas
952,Randy,Ray,rrayqf@g.co,Louisiana
953,Walter,Powell,wpowellqg@samsung.com,Minnesota
954,Doris,Ward,dwardqh@businesswire.com,Minnesota
955,Samuel,Richards,srichardsqi@washington.edu,Maryland
956,Jeffrey,Evans,jevansqj@baidu.com,Washington
957,Willie,Thomas,wthomasqk@gov.uk,West Virginia
958,Lawrence,Banks,lbanksql@msu.edu,New York
959,Ryan,Arnold,rarnoldqm@chron.com,Colorado
960,Roger,Kennedy,rkennedyqn@wiley.com,Mississippi
961,Brenda,Shaw,bshawqo@weather.com,Pennsylvania
962,Douglas,Stone,dstoneqp@naver.com,Texas
963,Christine,Willis,cwillisqq@umich.edu,Washington
964,Marie,Simmons,msimmonsqr@mashable.com,Minnesota
965,Helen,Jacobs,hjacobsqs@harvard.edu,Nebraska
966,Billy,Williamson,bwilliamsonqt@mapy.cz,Texas
967,Christine,Simmons,csimmonsqu@ed.gov,Florida
968,Teresa,Tucker,ttuckerqv@loc.gov,Utah
969,Thomas,Murphy,tmurphyqw@geocities.jp,Ohio
970,Nicholas,Watson,nwatsonqx@thetimes.co.uk,New Hampshire
971,Ruby,Bowman,rbowmanqy@sohu.com,Florida
972,Robin,Watkins,rwatkinsqz@cafepress.com,Texas
973,Bonnie,Owens,bowensr0@ebay.com,California
974,Catherine,Warren,cwarrenr1@arizona.edu,Nevada
975,Kathryn,Schmidt,kschmidtr2@booking.com,Kansas
976,Stephen,Lynch,slynchr3@army.mil,Virginia
977,Clarence,Flores,cfloresr4@boston.com,Florida
978,Robert,Vasquez,rvasquezr5@angelfire.com,Wisconsin
979,Ruth,Thomas,rthomasr6@statcounter.com,Colorado
980,Helen,Gonzales,hgonzalesr7@arstechnica.com,Texas
981,Eugene,Matthews,ematthewsr8@tinypic.com,Florida
982,Philip,Reed,preedr9@berkeley.edu,Virginia
983,Shirley,Harris,sharrisra@blog.com,Pennsylvania
984,Christina,White,cwhiterb@google.it,North Carolina
985,Eric,Perkins,eperkinsrc@wisc.edu,Arizona
986,Rose,Fuller,rfullerrd@chicagotribune.com,Texas
987,Alice,Fowler,afowlerre@va.gov,Missouri
988,Victor,Fisher,vfisherrf@un.org,North Carolina
989,Andrew,Price,apricerg@spotify.com,Texas
990,Timothy,Greene,tgreenerh@go.com,District of Columbia
991,Jose,Fowler,jfowlerri@trellian.com,Florida
992,Mildred,Stewart,mstewartrj@answers.com,Arizona
993,Maria,Dixon,mdixonrk@deviantart.com,Pennsylvania
994,Brandon,Washington,bwashingtonrl@cyberchimps.com,Virginia
995,Nancy,Reed,nreedrm@youku.com,New York
996,Gloria,Mcdonald,gmcdonaldrn@newyorker.com,Virginia
997,Jeremy,Harrison,jharrisonro@geocities.com,Iowa
998,Kevin,Johnson,kjohnsonrp@desdev.cn,California
999,Kenneth,Washington,kwashingtonrq@bbc.co.uk,Texas
1000,Ryan,Greene,rgreenerr@icio.us,Mississippi
